GWAS_id,CS_id,Name,Country,Lat,Long,bio1,bio2,bio3,bio4,bio5,bio6,bio7,bio8,bio9,bio10,bio11,bio12,bio13,bio14,bio15,bio16,bio17,bio18,bio19
6897,CS22630,Ag-0,FRA,45,1.3,118,106,41,5485,260,3,257,56,83,188,47,883,91,56,12,246,200,207,236
6987,CS939,Ak-1,GER,48.0683,7.62551,99,84,32,6362,244,-14,258,180,29,180,16,765,96,43,26,260,141,260,142
6988,CS1656,Alc-0,ESP,40.31,-3.22,128,111,36,6636,305,3,302,85,217,217,49,453,55,12,34,153,56,56,127
8230,CS76657,Algutsrum,SWE,56.68,16.5,75,63,25,6564,212,-34,246,155,18,161,-5,499,59,29,22,163,88,150,111
6898,CS22626,An-1,BER,51.217,4.4,101,74,33,5486,220,0,220,72,61,170,31,779,77,49,12,217,166,199,188
6992,CS949,Ang-0,BER,50.3,5.3,90,78,34,5641,216,-13,229,162,51,162,18,915,86,64,9,247,200,247,227
8256,CS76676,Ba1-2,SWE,56.4,12.9,68,64,26,6330,194,-51,245,143,12,151,-9,802,88,41,24,255,137,237,183
8258,CS76677,Ba4-1,SWE,56.4,12.9,68,64,26,6330,194,-51,245,143,12,151,-9,802,88,41,24,255,137,237,183
8259,CS76678,Ba5-1,SWE,56.4,12.9,68,64,26,6330,194,-51,245,143,12,151,-9,802,88,41,24,255,137,237,183
6899,CS22633,Bay-0,GER,49,11,77,87,31,6732,224,-48,272,161,1,161,-12,778,96,46,26,273,149,273,156
6709,CS22342,Bg-2,USA,47.648,-122.305,110,83,37,4835,237,17,220,56,173,173,52,964,147,22,54,433,92,92,393
6900,CS22578,Bil-5,SWE,63.324,18.484,28,85,24,8846,205,-138,343,130,-38,144,-85,617,72,35,24,201,108,185,135
6901,CS22579,Bil-7,SWE,63.324,18.484,28,85,24,8846,205,-138,343,130,-38,144,-85,617,72,35,24,201,108,185,135
7015,CS971,Bla-1,ESP,41.6833,2.8,158,70,31,5308,276,54,222,169,227,228,93,686,108,27,33,239,122,153,150
5837,CS22590,Bor-1,CZE,49.4013,16.2326,73,86,30,6987,222,-59,281,159,-7,159,-20,626,88,30,40,251,93,251,97
6903,CS22591,Bor-4,CZE,49.4013,16.2326,73,86,30,6987,222,-59,281,159,-7,159,-20,626,88,30,40,251,93,251,97
6904,CS22628,Br-0,CZE,49.2,16.6166,89,91,30,7319,246,-49,295,179,6,179,-9,519,76,23,42,210,73,210,76
8231,CS76726,Bro1-6,SWE,56.3,16,77,62,25,6508,212,-31,243,157,21,163,-2,533,62,31,22,172,95,157,119
8270,CS997,Bs-1,SUI,47.5,7.5,90,82,32,6226,232,-18,250,169,22,169,10,902,108,58,21,295,185,295,190
8271,CS1007,Bu-0,GER,50.5,9.5,79,85,32,6427,217,-43,260,159,4,159,-6,746,83,45,16,227,149,227,164
7033,CS8067,Buckhorn_Pass,USA,41.3599,-122.755,80,155,46,6170,277,-55,332,11,162,162,7,716,119,8,65,341,46,46,321
5719,CS22656,Bur-0,IRL,54.1,-6.2,87,68,39,3894,184,11,173,47,99,138,40,1046,111,69,16,311,211,244,289
6906,CS22620,C24,POR,40.208,-8.426,159,101,43,4309,289,58,231,103,212,214,103,951,133,10,53,382,64,68,382
8274,CS1065,Can-0,ESP,29.2144,-13.4811,191,68,47,2605,272,128,144,162,219,225,162,160,34,0,87,92,1,4,92
8275,CS1067,Cen-0,FRA,49,0.5,99,85,38,5018,223,1,222,44,63,162,35,710,74,49,13,212,154,160,194
6907,CS22603,CIBC-17,UK,51.4083,-0.6383,98,79,34,5256,225,-4,229,40,61,166,31,707,72,43,15,210,152,160,184
7081,CS3180,Co,POR,40.208,-8.426,159,101,43,4309,289,58,231,103,212,214,103,951,133,10,53,382,64,68,382
6909,CS22625,Col-0,USA,38.3,-92.3,130,131,32,9233,323,-75,398,181,4,244,4,1012,125,40,27,326,154,282,154
6910,CS22639,Ct-1,ITA,37.3,15,174,101,39,5444,315,61,254,154,244,247,111,513,110,4,71,245,24,51,186
6911,CS22614,Cvi-0,CPV,15.1111,-23.6167,224,70,63,1454,278,167,111,243,215,243,206,357,145,0,151,306,0,306,5
8233,CS76794,Dem-4,USA,41.1876,-87.1923,96,118,30,9733,291,-101,392,151,-37,215,-37,963,109,40,26,310,151,303,151
8283,CS76811,Dra3-1,SWE,55.76,14.12,74,57,25,6147,198,-28,226,150,20,155,0,621,69,35,21,191,110,179,147
8284,CS76813,DraII-1,CZE,49.4112,16.2815,75,87,30,7035,225,-58,283,162,-5,162,-19,610,86,29,41,245,90,245,93
8285,CS76815,DraIII-1,CZE,49.4112,16.2815,75,87,30,7035,225,-58,283,162,-5,162,-19,610,86,29,41,245,90,245,93
6008,CS76824,Duk,CZE,49.1,16.2,83,90,31,7151,237,-51,288,172,2,172,-12,592,82,29,38,232,91,232,93
6009,CS22572,Eden-1,SWE,62.877,18.177,31,82,24,8610,203,-129,332,132,-35,144,-79,660,75,38,24,210,117,188,148
6913,CS22573,Eden-2,SWE,62.877,18.177,31,82,24,8610,203,-129,332,132,-35,144,-79,660,75,38,24,210,117,188,148
6914,CS22657,Edi-0,UK,55.9494,-3.16028,87,74,38,4264,193,0,193,121,53,142,34,687,69,41,17,205,132,181,159
6016,CS76834,Eds-1,SWE,62.9,18.4,33,83,24,8668,206,-128,334,134,-34,147,-78,644,74,37,25,205,114,183,145
6915,CS22616,Ei-2,GER,50.3,6.3,74,68,30,5678,193,-29,222,10,34,145,1,1022,113,67,14,297,219,276,282
8290,CS76841,En-1,GER,50,8.5,97,88,33,6539,244,-22,266,180,25,180,12,608,67,37,19,193,119,193,130
6916,CS22629,Est-1,RUS,58.3,25.3,53,67,22,8320,211,-92,303,63,-16,159,-53,632,74,28,30,214,97,181,128
6917,CS22576,Fab-2,SWE,63.0165,18.3174,33,83,24,8710,206,-129,335,134,-34,147,-79,636,73,36,24,204,112,184,141
6918,CS22577,Fab-4,SWE,63.0165,18.3174,33,83,24,8710,206,-129,335,134,-34,147,-79,636,73,36,24,204,112,184,141
8215,CS22645,Fei-0,POR,40.92,-8.54,140,89,44,3922,246,45,201,97,188,190,89,1191,163,15,52,482,82,97,462
8422,CS76859,Fja1-1,SWE,56.06,14.29,77,61,26,6224,205,-28,233,153,23,159,2,599,69,34,21,187,106,174,139
7133,CS1169,Fr-2,GER,50.1102,8.6822,100,88,33,6369,247,-17,264,182,29,182,17,648,70,40,16,199,131,199,140
6919,CS22634,Ga-0,GER,50.3,8,85,78,31,6166,220,-26,246,163,43,163,5,710,69,46,13,205,144,205,173
8296,CS1185,Gd-1,GER,53.5,10.5,84,81,31,6399,226,-30,256,165,35,165,2,669,74,39,18,211,128,211,150
8297,CS1187,Ge-0,SUI,46.5,6.08,63,82,31,6195,203,-55,258,-18,138,141,-18,1380,142,92,13,402,304,315,402
6920,CS22609,Got-22,GER,51.5338,9.9355,85,86,34,6148,218,-32,250,162,12,162,4,651,79,38,23,221,123,221,138
6921,CS22608,Got-7,GER,51.534,9.936,85,86,34,6148,218,-32,250,162,12,162,4,651,79,38,23,221,123,221,138
8300,CS1199,Gr-1,AUT,47,15.5,84,100,31,7598,249,-67,316,179,-17,179,-17,876,124,32,42,355,112,355,112
6922,CS22617,Gu-0,GER,50.3,8,85,78,31,6166,220,-26,246,163,43,163,5,710,69,46,13,205,144,205,173
8234,CS76896,Gul1-2,SWE,56.4606,15.8127,72,64,26,6515,209,-36,245,151,16,158,-8,558,65,33,21,178,101,164,127
8214,CS22631,Gy-0,FRA,49,2,106,83,35,5448,236,4,232,111,69,175,35,637,60,44,9,174,139,157,156
7461,CS923,H55,CZE,49,15,73,91,32,6972,226,-58,284,161,-6,161,-18,744,100,39,35,286,126,286,129
8304,CS1227,Hi-0,NED,52,5,94,74,33,5336,214,-4,218,67,51,162,27,802,80,47,15,229,160,213,194
8235,CS76924,Hod,CZE,48.8,17.1,94,94,31,7344,254,-46,300,186,11,186,-3,622,85,31,37,242,97,242,101
8306,CS76936,Hov4-1,SWE,56.1,13.74,75,63,26,6247,202,-33,235,149,20,157,-1,690,74,38,22,212,122,198,165
6039,CS76937,Hovdala-2,SWE,56.1,13.74,75,63,26,6247,202,-33,235,149,20,157,-1,690,74,38,22,212,122,198,165
6923,CS22597,HR-10,UK,51.4083,-0.6383,98,79,34,5256,225,-4,229,40,61,166,31,707,72,43,15,210,152,160,184
6924,CS22596,HR-5,UK,51.4083,-0.6383,98,79,34,5256,225,-4,229,40,61,166,31,707,72,43,15,210,152,160,184
8310,CS1237,Hs-0,GER,52.24,9.44,84,79,32,5983,215,-25,240,160,40,160,7,763,80,49,16,233,157,233,179
8236,CS76941,HSm,CZE,49.33,15.76,73,87,31,6955,222,-58,280,160,-6,160,-19,657,89,32,38,258,103,258,105
8311,CS1239,In-0,AUT,47.5,11.5,38,83,31,6312,174,-87,261,116,-44,116,-44,1082,150,57,35,415,183,415,183
8312,CS1241,Is-0,GER,50.5,7.5,92,79,32,5981,223,-17,240,167,50,167,15,730,73,47,15,217,148,217,177
8313,CS1259,Jm-0,CZE,49,15,73,91,32,6972,226,-58,284,161,-6,161,-18,744,100,39,35,286,126,286,129
8314,CS1267,Ka-0,AUT,47,14,31,88,32,6548,176,-98,274,114,-43,114,-54,1368,160,74,25,470,239,470,251
8424,CS6751,Kas-2,IND,35,77,-78,108,27,9604,119,-272,391,40,-177,41,-205,71,14,2,55,31,9,29,11
8237,CS76964,Kavlinge-1,SWE,55.8,13.1,79,61,26,6180,203,-29,232,153,26,160,4,654,69,35,22,202,115,190,153
8420,CS6041,Kelsterbach-4,GER,50.0667,8.5333,97,87,32,6497,243,-21,264,180,26,180,13,611,66,37,18,191,121,191,131
8238,CS76967,Kent,UK,51.15,0.4,100,76,36,4815,217,8,209,74,118,162,40,684,75,43,20,216,141,146,184
6926,CS22654,Kin-0,USA,44.46,-85.37,64,119,30,9636,269,-127,396,137,-55,183,-65,795,104,33,27,263,127,235,136
7186,CS6762,Kn-0,LTU,54.8969,23.8924,65,79,26,8077,224,-78,302,166,-33,166,-40,614,77,28,28,217,99,217,112
6040,CS76970,Kni-1,SWE,55.66,13.4,77,60,26,6158,200,-29,229,151,23,157,2,674,68,36,21,201,121,190,163
6927,CS22566,Kno-10,USA,41.2816,-86.621,97,115,29,9670,292,-97,389,216,-34,216,-34,975,109,46,23,305,166,305,166
6928,CS22567,Kno-18,USA,41.282,-86.621,97,115,29,9670,292,-97,389,216,-34,216,-34,975,109,46,23,305,166,305,166
8239,CS76976,Koln,GER,51,7,101,84,34,5917,235,-8,243,176,59,176,24,782,83,52,16,244,158,244,178
6929,CS22651,Kondara,TJK,38.48,68.49,139,128,34,8276,341,-27,368,88,233,246,31,558,115,0,79,280,5,8,199
7207,CS76535,Kyoto,JPN,35.0085,135.752,153,90,28,8188,323,2,321,256,51,260,51,1725,242,67,42,661,224,629,224
6930,CS22606,Kz-1,KAZ,49.5,73.1,27,113,24,12999,270,-200,470,170,-128,188,-142,295,38,17,28,104,53,94,57
6830,CS22445,Kz-13,KAZ,49.5,73.1,27,113,24,12999,270,-200,470,170,-128,188,-142,295,38,17,28,104,53,94,57
6931,CS22607,Kz-9,KAZ,49.5,73.1,27,113,24,12999,270,-200,470,170,-128,188,-142,295,38,17,28,104,53,94,57
8323,CS1307,Lc-0,UK,57,-4,50,69,31,5060,171,-45,216,0,68,122,-12,1279,145,73,23,417,231,263,388
6932,CS22618,Ler-1,GER,47.984,10.8719,79,85,32,6506,219,-44,263,161,6,161,-6,968,123,54,32,359,168,359,173
7223,CS6772,Li-2:1,GER,50.3833,8.0666,94,81,32,6201,232,-17,249,173,53,173,14,641,64,40,14,189,128,189,148
8241,CS77038,Liarum,SWE,55.9473,13.821,71,60,25,6204,197,-35,232,146,16,152,-4,690,74,39,20,210,124,197,166
8242,CS77039,Lillo-1,SWE,56.1494,15.7884,79,62,25,6444,212,-28,240,157,23,163,0,548,62,32,21,173,99,157,125
8325,CS1337,Lip-0,POL,50,19.3,85,91,29,7717,243,-68,311,178,-7,178,-22,733,104,33,40,294,107,294,111
8326,CS77042,Lis-1,SWE,56.0328,14.775,78,59,25,6203,205,-25,230,154,23,160,3,582,65,34,20,179,106,163,138
8222,CS77043,Lis-2,SWE,56.0328,14.775,78,59,25,6203,205,-25,230,154,23,160,3,582,65,34,20,179,106,163,138
8430,CS6033,Lisse,NED,52.25,4.567,94,62,30,5277,207,1,206,107,46,161,30,786,87,44,21,243,148,207,187
6933,CS22650,LL-0,ESP,41.59,2.49,144,70,31,5354,265,43,222,192,214,215,80,770,98,38,23,244,161,184,163
8329,CS1345,Lm-2,FRA,48,0.5,106,91,38,5387,241,2,239,46,175,175,37,695,69,51,11,203,155,155,192
6042,CS77048,Lom1-1,SWE,56.09,13.9,76,62,26,6250,204,-31,235,151,22,158,0,659,73,37,21,204,117,190,156
6043,CS77049,Lov-1,SWE,62.801,18.079,36,82,25,8535,206,-122,328,136,-30,148,-73,658,74,38,25,207,117,183,149
6046,CS77050,Lov-5,SWE,62.801,18.079,36,82,25,8535,206,-122,328,136,-30,148,-73,658,74,38,25,207,117,183,149
7520,CS22594,Lp2-2,CZE,49.38,16.81,69,85,30,6983,217,-63,280,155,-11,155,-24,644,92,30,41,260,94,260,101
7521,CS22595,Lp2-6,CZE,49.38,16.81,69,85,30,6983,217,-63,280,155,-11,155,-24,644,92,30,41,260,94,260,101
8334,CS1353,Lu-1,SWE,55.71,13.2,78,61,26,6164,201,-29,230,151,24,158,3,658,69,35,22,201,116,189,155
8335,CS77060,Lund,SWE,55.71,13.2,78,61,26,6164,201,-29,230,151,24,158,3,658,69,35,22,201,116,189,155
6936,CS22615,Lz-0,FRA,46,3.3,108,104,38,5846,255,-12,267,165,45,183,32,682,84,38,28,219,119,215,126
8337,CS1379,Mir-0,ITA,44,12.37,128,87,31,6686,278,0,278,139,53,213,42,734,85,48,17,230,157,163,161
7522,CS22640,Mr-0,ITA,44.15,9.65,136,71,30,5683,262,31,231,108,209,209,66,910,124,29,35,336,126,162,254
6937,CS22635,Mrk-0,GER,49,9.3,96,88,33,6428,238,-24,262,177,24,177,12,679,87,40,27,234,122,234,129
6938,CS22655,Ms-0,RUS,55.752,37.632,49,77,21,9820,233,-122,355,173,-16,173,-79,678,89,33,30,242,110,242,131
6939,CS22642,Mt-0,LIB,32.34,22.46,174,108,47,4493,285,59,226,115,226,229,115,134,34,0,95,85,0,1,85
6940,CS22636,Mz-0,GER,50.3,8.3,82,78,31,6229,219,-29,248,161,40,161,2,748,72,48,12,211,154,211,182
7438,CS22491,N13,RUS,61.36,34.15,19,78,21,9440,204,-154,358,126,-95,141,-104,644,91,26,35,235,96,223,109
8343,CS1385,Na-1,FRA,47.5,1.5,111,90,37,5609,246,3,243,47,73,182,38,657,63,49,8,178,153,154,169
8246,CS77124,NC-6,USA,35,-79.18,160,129,39,7395,319,-9,328,252,114,252,61,1186,148,71,22,392,232,392,272
6942,CS22619,Nd-1,SUI,50,10,90,89,32,6720,239,-34,273,174,14,174,1,627,73,38,18,197,126,197,137
6943,CS22599,NFA-10,UK,51.4083,-0.6383,98,79,34,5256,225,-4,229,40,61,166,31,707,72,43,15,210,152,160,184
6944,CS22598,NFA-8,UK,51.4083,-0.6383,98,79,34,5256,225,-4,229,40,61,166,31,707,72,43,15,210,152,160,184
7275,CS6805,No-0,GER,51.0581,13.2995,81,76,29,6738,223,-37,260,167,3,167,-5,624,79,35,26,219,112,219,120
6945,CS22643,Nok-3,NED,52.24,4.45,94,61,30,5241,206,3,203,108,47,161,31,781,87,44,21,243,146,205,185
7258,CS1409,Nw-0,GER,50.5,8.5,84,79,31,6300,222,-28,250,149,42,164,3,770,73,49,11,214,165,209,186
6074,CS77150,Or-1,SWE,56.4573,16.1308,78,63,25,6554,214,-31,245,158,21,164,-3,517,61,30,22,168,92,154,116
8351,CS1431,Ost-0,SWE,60.25,18.37,55,70,24,7548,209,-75,284,144,-6,155,-38,553,69,28,29,193,89,175,118
7287,CS1435,Ove-0,GER,53.3422,8.42255,88,75,32,5808,214,-16,230,162,41,162,14,759,81,39,19,232,140,232,168
6946,CS22658,Oy-0,NOR,60.385543,6.193019,61,56,27,5312,173,-30,203,34,85,131,-3,2387,296,105,33,851,371,479,690
8353,CS1439,Pa-1,ITA,38.07,13.22,141,65,28,5739,271,45,226,118,216,218,75,561,82,7,55,233,34,62,214
8354,CS1445,Per-1,RUS,58,56.3167,18,83,19,11479,233,-186,419,162,-52,162,-133,618,78,26,33,219,89,219,107
7296,CS926,Petergof,RUS,59,29,46,73,22,8938,220,-106,326,145,-62,161,-68,671,85,29,32,238,102,234,119
8243,CS6002,PHW-2,ITA,43.7703,11.2547,145,95,32,6676,308,19,289,105,231,231,60,859,112,35,25,282,147,147,234
8244,CS6034,PHW-34,FRA,48.6103,2.3086,111,83,34,5651,243,5,238,167,74,182,37,636,60,45,8,168,141,159,155
7298,CS1455,Pi-0,AUT,47.04,10.51,-9,58,28,5334,98,-107,205,57,-74,58,-74,1341,158,83,22,449,268,421,268
7300,CS1459,Pla-0,ESP,41.5,2.25,158,70,32,5202,276,58,218,169,226,227,95,635,88,29,29,220,127,158,130
7526,CS22571,Pna-10,USA,42.095,-86.325,94,103,28,9433,281,-86,367,202,-20,211,-33,946,102,43,19,275,167,262,179
7523,CS22570,Pna-17,USA,42.0945,-86.3253,94,103,28,9433,281,-86,367,202,-20,211,-33,946,102,43,19,275,167,262,179
8213,CS22649,Pro-0,ESP,43.25,-6,92,100,42,4784,229,-9,238,66,155,156,35,937,122,45,27,321,160,167,265
6951,CS22593,Pu2-23,CZE,49.42,16.36,77,87,30,7066,228,-56,284,164,-4,164,-17,592,84,27,41,240,85,240,89
6956,CS22592,Pu2-7,CZE,49.42,16.36,77,87,30,7066,228,-56,284,164,-4,164,-17,592,84,27,41,240,85,240,89
6953,CS22449,Pu2-8,CZE,49.42,16.36,77,87,30,7066,228,-56,284,164,-4,164,-17,592,84,27,41,240,85,240,89
6958,CS22632,Ra-0,FRA,46,3.3,108,104,38,5846,255,-12,267,165,45,183,32,682,84,38,28,219,119,215,126
8365,CS1485,Rak-2,CZE,49,16,86,92,31,7139,241,-49,290,175,5,175,-9,605,82,30,36,233,96,233,98
8366,CS1483,Rd-0,GER,50.5,8.5,84,79,31,6300,222,-28,250,149,42,164,3,770,73,49,11,214,165,209,186
6959,CS22610,Ren-1,FRA,48.5,-1.41,110,78,38,4634,223,20,203,60,100,169,51,753,85,48,18,236,158,161,213
6960,CS22611,Ren-11,FRA,48.5,-1.41,110,78,38,4634,223,20,203,60,100,169,51,753,85,48,18,236,158,161,213
8369,CS77214,Rev-1,SWE,55.6942,13.4504,79,60,26,6153,202,-27,229,153,25,159,4,661,68,35,21,199,118,187,158
7524,CS22568,Rmx-A02,USA,42.036,-86.511,96,102,27,9428,282,-84,366,205,-16,214,-30,954,100,45,19,277,171,269,181
7525,CS22569,Rmx-A180,USA,42.036,-86.511,96,102,27,9428,282,-84,366,205,-16,214,-30,954,100,45,19,277,171,269,181
7515,CS22565,RRS-10,USA,41.561,-86.425,97,109,28,9656,289,-92,381,217,-17,217,-33,986,106,49,20,298,176,298,178
7514,CS22564,RRS-7,USA,41.561,-86.425,97,109,28,9656,289,-92,381,217,-17,217,-33,986,106,49,20,298,176,298,178
8374,CS1494,Rsch-4,RUS,56.3,34,42,84,23,9507,225,-126,351,162,-74,162,-80,635,87,26,35,240,92,240,107
7323,CS927,Rubezhnoe-1,UKR,49,38.28,80,83,22,10149,267,-94,361,191,8,206,-51,504,59,27,20,156,100,154,128
8247,CS77233,San-2,SWE,56.07,13.74,74,62,26,6229,201,-33,234,149,20,156,-2,692,74,38,21,212,122,198,166
8376,CS77234,Sanna-2,SWE,62.69,18,34,81,24,8506,204,-123,327,97,-32,146,-74,684,77,40,24,214,124,188,156
8378,CS1507,Sap-0,CZE,49.49,14.24,77,91,32,6995,230,-53,283,166,-2,166,-14,659,88,34,35,250,114,250,116
8412,CS1515,Sav-0,CZE,49.183,15.883,75,88,31,6999,226,-57,283,162,-5,162,-17,647,88,32,38,253,102,253,104
6961,CS22646,Se-0,ESP,38.3333,-3.53333,155,119,37,6833,344,23,321,107,247,247,73,483,67,5,48,178,31,31,158
8245,CS6187,Seattle-0,USA,47,-122.2,92,104,42,4915,234,-8,242,37,156,156,33,1425,201,35,47,597,157,159,542
7327,CS6855,Sf-1,ESP,41.7833,3.03333,159,72,32,5161,275,55,220,170,225,226,96,645,103,23,35,228,111,141,142
6962,CS22652,Shahdara,TJK,38.35,68.48,152,131,35,8357,355,-16,371,101,245,259,42,480,102,0,80,245,3,5,177
6963,CS22653,Sorbo,TJK,38.35,68.48,152,131,35,8357,355,-16,371,101,245,259,42,480,102,0,80,245,3,5,177
6964,CS22582,Spr1-2,SWE,56.3,16,77,62,25,6508,212,-31,243,157,21,163,-2,533,62,31,22,172,95,157,119
6965,CS22583,Spr1-6,SWE,58.417,14.158,59,81,28,6967,211,-69,280,139,1,150,-29,613,70,31,27,207,99,188,124
6966,CS22600,Sq-1,UK,51.4083,-0.6383,98,79,34,5256,225,-4,229,40,61,166,31,707,72,43,15,210,152,160,184
6967,CS22601,Sq-8,UK,51.4083,-0.6383,98,79,34,5256,225,-4,229,40,61,166,31,707,72,43,15,210,152,160,184
8386,CS77268,Sr:5,SWE,58.9,11.2,71,54,22,6661,198,-41,239,82,13,159,-11,760,92,39,27,255,127,212,157
8387,CS1535,St-0,SWE,59,18,71,62,23,7083,219,-44,263,156,11,167,-14,495,58,24,28,167,79,154,110
8388,CS1539,Stw-0,RUS,52,36,56,85,23,10013,241,-120,361,180,-66,180,-73,623,80,33,26,216,110,216,126
8389,CS1549,Ta-0,CZE,49.5,14.5,71,89,31,6875,222,-57,279,158,-7,158,-18,690,92,36,35,264,118,264,119
6968,CS22604,Tamm-2,FIN,60,23.5,52,72,23,7899,213,-88,301,143,-14,156,-46,607,73,29,32,209,93,189,122
6969,CS22605,Tamm-27,FIN,60,23.5,52,72,23,7899,213,-88,301,143,-14,156,-46,607,73,29,32,209,93,189,122
6243,CS77381,Tottarp-2,SWE,56.27373,13.90045,73,64,26,6307,203,-36,239,149,19,156,-4,689,76,39,21,213,122,199,165
6970,CS22647,Ts-1,ESP,41.7194,2.93056,155,70,31,5240,272,52,220,166,223,224,91,684,107,26,33,238,121,151,150
6971,CS22648,Ts-5,ESP,41.7194,2.93056,155,70,31,5240,272,52,220,166,223,224,91,684,107,26,33,238,121,151,150
7373,CS6874,Tsu-0,JPN,34.43,136.31,140,87,28,7686,294,-10,304,239,43,239,43,2371,340,67,49,910,213,910,213
6972,CS22641,Tsu-1,JPN,34.43,136.31,140,87,28,7686,294,-10,304,239,43,239,43,2371,340,67,49,910,213,910,213
8395,CS1567,Tu-0,ITA,45,7.5,126,91,30,7267,287,-14,301,165,31,218,31,812,99,38,27,273,133,200,133
10022,CS1577,Uk-3,GER,48.0333,7.7667,105,85,32,6452,251,-10,261,187,22,187,22,807,103,46,26,273,150,273,150
8426,CS78816,Ull1-1,SWE,56.06,13.97,76,61,26,6235,204,-30,234,152,22,158,1,640,71,36,21,198,113,185,151
6974,CS22586,Ull2-5,SWE,56.0648,13.9707,76,61,26,6235,204,-30,234,152,22,158,1,640,71,36,21,198,113,185,151
6975,CS22612,Uod-1,AUT,48.3,14.45,85,101,33,7220,247,-53,300,177,3,177,-10,862,117,45,34,327,152,327,158
6976,CS22613,Uod-7,AUT,48.3,14.45,85,101,33,7220,247,-53,300,177,3,177,-10,862,117,45,34,327,152,327,158
6977,CS22627,Van-0,CAN,49.2655,-123.206,99,77,34,5230,224,0,224,40,167,167,34,1240,192,35,52,540,127,127,496
7516,CS22580,Var2-1,SWE,55.58,14.334,80,54,24,6090,200,-20,220,155,24,160,7,569,62,32,20,175,101,162,132
7517,CS22581,Var2-6,SWE,55.58,14.334,80,54,24,6090,200,-20,220,155,24,160,7,569,62,32,20,175,101,162,132
9058,CS78834,Vastervik,SWE,57.75,16.6333,72,67,26,6711,216,-41,257,153,14,162,-9,511,60,26,25,168,86,155,111
8249,CS78845,Vimmerby,SWE,57.7,15.8,65,73,27,6774,213,-52,265,145,8,155,-18,569,66,31,23,185,100,175,125
9057,CS78847,Vinslov,SWE,56.1,13.9167,77,62,26,6247,205,-30,235,152,23,159,1,646,72,36,22,201,113,187,153
6978,CS22644,Wa-1,POL,52.3,21,79,83,27,7906,239,-61,300,178,-17,178,-25,487,69,22,38,190,68,190,76
6979,CS22622,Wei-0,SUI,47.25,8.26,84,76,30,6202,221,-30,251,162,14,162,3,1163,144,70,27,413,218,413,221
8419,CS1595,Wil-1,LTU,54.6833,25.3167,62,81,25,8326,223,-89,312,166,-39,166,-47,663,82,33,26,227,112,227,127
7413,CS6889,Wil-2,LTU,54.6833,25.3167,62,81,25,8326,223,-89,312,166,-39,166,-47,663,82,33,26,227,112,227,127
6980,CS22623,Ws-0,RUS,52.3,30,66,86,25,9071,241,-101,342,178,-44,178,-53,623,87,30,35,241,99,241,111
6981,CS22659,Ws-2,RUS,52.3,30,66,86,25,9071,241,-101,342,178,-44,178,-53,623,87,30,35,241,99,241,111
6982,CS22637,Wt-5,GER,52.3,9.3,87,80,33,5982,218,-22,240,162,43,162,10,736,78,47,16,227,150,227,170
7415,CS6897,Wu-0,GER,49.7878,9.9361,94,86,32,6670,240,-27,267,177,19,177,6,618,73,38,19,196,124,196,135
6983,CS22624,Yo-0,USA,37.45,-119.35,88,144,46,6027,269,-43,312,25,169,169,20,848,155,5,78,427,25,34,421
6984,CS22588,Zdr-1,CZE,49.3853,16.2544,75,87,30,7035,225,-58,283,162,-5,162,-19,610,86,29,41,245,90,245,93
6985,CS22589,Zdr-6,CZE,49.385,16.254,75,87,30,7035,225,-58,283,162,-5,162,-19,610,86,29,41,245,90,245,93
7417,CS6902,Zu-0,SUI,47.3667,8.55,91,77,30,6341,232,-24,256,171,21,171,9,1102,134,65,27,387,203,387,207
7418,CS78881,Zu-1,SUI,47.3667,8.55,91,77,30,6341,232,-24,256,171,21,171,9,1102,134,65,27,387,203,387,207
7125,CS1143,Er-0,GER,49.5955,11.0087,87,90,33,6643,238,-34,272,173,14,173,2,647,76,39,22,217,128,217,137
1,CS64,Ler(gl1-1),GER,47.984,10.8719,79,85,32,6506,219,-44,263,161,6,161,-6,968,123,54,32,359,168,359,173
2,CS3126,Col(gl1-2),USA,38.3,-92.3,130,131,32,9233,323,-75,398,181,4,244,4,1012,125,40,27,326,154,282,154